<?xml version="1.0" encoding="UTF-8"?>
<beans xmlns="http://www.springframework.org/schema/beans"
   xmlns:xsi="http://www.w3.org/2001/XMLSchema-instance"
   xmlns:context="http://www.springframework.org/schema/context"
   xmlns:mvc="http://www.springframework.org/schema/mvc"
   xsi:schemaLocation="http://www.springframework.org/schema/mvc http://www.springframework.org/schema/mvc/spring-mvc-4.2.xsd
      http://www.springframework.org/schema/beans http://www.springframework.org/schema/beans/spring-beans.xsd
      http://www.springframework.org/schema/context http://www.springframework.org/schema/context/spring-context-4.2.xsd">

	<context:component-scan base-package="controller.action"></context:component-scan>

	<!-- controll advice 같은 어노테이션을 보게 만들어 주는 코드 -->
	<mvc:annotation-driven></mvc:annotation-driven>
	
	<!-- 파일 입출력을 위한 코드 -->
	 <bean id="multipartResolver" class="org.springframework.web.multipart.commons.CommonsMultipartResolver">
      <property name="maxUploadSize" value="1000000" />
   </bean>
   
   <!-- 국제화를 위한 코드 -->
   <bean id="messageSource" class="org.springframework.context.support.ResourceBundleMessageSource">
      <property name="basenames">
         <list>
            <value>message.ms</value>
         </list>
      </property>
   </bean>
   <bean id="localeResolver" class="org.springframework.web.servlet.i18n.SessionLocaleResolver"></bean>
   
   <mvc:interceptors>
      <bean class="org.springframework.web.servlet.i18n.LocaleChangeInterceptor">
         <property name="paramName" value="lang" />
      </bean>
   </mvc:interceptors>
	
	<!-- 예외처리를 수행할 설정 xml로할경우
   <bean id="exceptionResolver" class="org.springframework.web.servlet.handler.SimpleMappingExceptionResolver">
      <property name="exceptionMappings">
         <props>
            <prop key="java.lang.NullPointerException">excep/error.jsp</prop>
         </props>
      </property>
      <property name="defaultErrorView" value="excep/error.jsp" />
   </bean>
	 -->
 
	<!-- <bean class="org.springframework.web.servlet.handler.SimpleUrlHandlerMapping">
		<property name="mappings">
			<props>
				<prop key="/login.do">login</prop>
				<prop key="/logout.do">logout</prop>
				<prop key="/getBoard.do">getBoard</prop>
				<prop key="/deleteBoard.do">deleteBoard</prop>
				<prop key="/insertBoard.do">insertBoard</prop>
				<prop key="/updateBoard.do">updateBoard</prop>
				<prop key="/main.do">main</prop>
			</props>
		</property>
	</bean>
	
	<bean id="login" class="controller.action.LoginController" />
	<bean id="logout" class="controller.action.LogoutController" />
	<bean id="getBoard" class="controller.action.GetBoardController" />
	<bean id="deleteBoard" class="controller.action.DeleteBoardController" />
	<bean id="insertBoard" class="controller.action.InsertBoardController" />
	<bean id="updateBoard" class="controller.action.UpdateBoardController" />
	<bean id="main" class="controller.action.MainController" />
	
	<bean id="viewResolver" class="org.springframework.web.servlet.view.InternalResourceViewResolver">
		<property name="prefix" value="/WEB-INF/" />
		<property name="suffix" value=".jsp" />
	</bean> -->

</beans>
